ip address, attack, message
192.168.128.1,Directory Listing,192.168.128.1 had attempted Directory Listing
192.168.128.1,Directory Listing,192.168.128.1 had attempted Directory Listing
192.168.128.1,Directory Listing,192.168.128.1 had attempted Directory Listing
192.168.128.1,Directory Listing,192.168.128.1 had attempted Directory Listing
192.168.128.1,Directory Listing,192.168.128.1 had attempted Directory Listing
192.168.128.1,Local File Inclution,192.168.128.1 had attempted Local File Inclution
192.168.128.1,Remote File Inclution,192.168.128.1 had attempted Remote File Inclution
192.168.128.1,Remote Command Execution,192.168.128.1 had attempted Remote Command Execution
192.168.128.1,Remote File Inclution,192.168.128.1 had attempted Remote File Inclution
192.168.128.1,Remote Command Execution,192.168.128.1 had attempted Remote Command Execution
192.168.128.1,Remote File Inclution,192.168.128.1 had attempted Remote File Inclution
192.168.128.1,Remote Command Execution,192.168.128.1 had attempted Remote Command Execution
192.168.128.1,Remote File Inclution,192.168.128.1 had attempted Remote File Inclution
192.168.128.1,Remote File Inclution,192.168.128.1 had attempted Remote File Inclution
